{"positionX":9.413954734802246,"positionY":0.8199997544288635,"positionZ":0.26858973503112795}