{"positionX":14.05977725982666,"positionY":1.4199997186660767,"positionZ":0.1848980188369751}