{"positionX":14.888161659240723,"positionY":1.419999599456787,"positionZ":0.27255114912986758}